,Titulo,Precio,Link
0,"SOLDIER, LILY, PEACE AND...",$45.00,https://www.elsotano.com/foto/muestraPortadaEbook.php?id=E1000334796
1,BLEMISHED JEWEL,$45.00,https://www.elsotano.com/foto/muestraPortadaEbook.php?id=E1000334808
2,THUG,$23.00,https://www.elsotano.com/foto/muestraPortadaEbook.php?id=E1000334871
3,A PATCHWORK OF STORIES,$45.00,https://www.elsotano.com/foto/muestraPortadaEbook.php?id=E1000334872
4,DIVINE INTERVENTION,$45.00,https://www.elsotano.com/foto/muestraPortadaEbook.php?id=E1000334873
5,OMEGA SEED,$45.00,https://www.elsotano.com/foto/muestraPortadaEbook.php?id=E1000334876
6,BODY SWAP,$23.00,https://www.elsotano.com/foto/muestraPortadaEbook.php?id=E1000334935
7,IN SEARCH OF THE PERFECT CUP,$45.00,https://www.elsotano.com/foto/muestraPortadaEbook.php?id=E1000334977
8,OUTPOST ON IO,$23.00,https://www.elsotano.com/foto/muestraPortadaEbook.php?id=E1000334979
9,TOP IT OFF WITH DEATH,$23.00,https://www.elsotano.com/foto/muestraPortadaEbook.php?id=E1000334980
10,CITY OF THE DEAD,$23.00,https://www.elsotano.com/foto/muestraPortadaEbook.php?id=E1000334981
11,BEYOND THE HEAVISIDE LAYER,$23.00,https://www.elsotano.com/foto/muestraPortadaEbook.php?id=E1000334982
12,HAIR OF THE DOG,$23.00,https://www.elsotano.com/foto/muestraPortadaEbook.php?id=E1000334984
13,CHILDREN OF THE MONSTER,$34.00,https://www.elsotano.com/foto/muestraPortadaEbook.php?id=E1000335036
14,TERROR OUT OF SPACE,$23.00,https://www.elsotano.com/foto/muestraPortadaEbook.php?id=E1000335066
15,AND EVE WAS,$23.00,https://www.elsotano.com/foto/muestraPortadaEbook.php?id=E1000335067
16,NYMPH OF DARKNESS,$23.00,https://www.elsotano.com/foto/muestraPortadaEbook.php?id=E1000335068
17,AN EPOS OF POSI AND NEGA,$23.00,https://www.elsotano.com/foto/muestraPortadaEbook.php?id=E1000335069
18,THE PERILOUS PLANET,$68.00,https://www.elsotano.com/foto/muestraPortadaEbook.php?id=E1000335070
19,GRAY DENIM,$23.00,https://www.elsotano.com/foto/muestraPortadaEbook.php?id=E1000335072
0,A MATTER OF MAGNITUDE,$23.00,https://www.elsotano.com/foto/muestraPortadaEbook.php?id=E1000335073
1,FALLEN DREAMS,$91.00,https://www.elsotano.com/foto/muestraPortadaEbook.php?id=E1000335118
2,THE BIRD MASTER,$23.00,https://www.elsotano.com/foto/muestraPortadaEbook.php?id=E1000335159
3,DEATH DESERT,$23.00,https://www.elsotano.com/foto/muestraPortadaEbook.php?id=E1000335160
4,PHALANXES OF ATLANS,$23.00,https://www.elsotano.com/foto/muestraPortadaEbook.php?id=E1000335212
5,SATAN'S PLEA,$68.00,https://www.elsotano.com/foto/muestraPortadaEbook.php?id=E1000335214
6,DANGEROUS WATERS,$34.00,https://www.elsotano.com/foto/muestraPortadaEbook.php?id=E1000335215
7,FIVE MINUTES,$34.00,https://www.elsotano.com/foto/muestraPortadaEbook.php?id=E1000335217
8,CONVOY TO ATLANTIS,$23.00,https://www.elsotano.com/foto/muestraPortadaEbook.php?id=E1000335218
9,COMPENSATION,$23.00,https://www.elsotano.com/foto/muestraPortadaEbook.php?id=E1000335219
10,LACHEN LEBEN STERBEN,$68.00,https://www.elsotano.com/foto/muestraPortadaEbook.php?id=E1000335220
11,DIE KLEINE ÄTHERISCHE...,$68.00,https://www.elsotano.com/foto/muestraPortadaEbook.php?id=E1000335291
12,BILDER MIT GEFÜHLEN.,$114.00,https://www.elsotano.com/foto/muestraPortadaEbook.php?id=E1000335376
13,JOFFREY – WIR SAGTEN...,$45.00,https://www.elsotano.com/foto/muestraPortadaEbook.php?id=E1000335479
14,FJORDIMONAS FIDELN - DER...,$34.00,https://www.elsotano.com/foto/muestraPortadaEbook.php?id=E1000335557
15,DAS MONDSCHIFF,$34.00,https://www.elsotano.com/foto/muestraPortadaEbook.php?id=E1000335561
16,STAHLBEIN MULDIN 1: DER...,$23.00,https://www.elsotano.com/foto/muestraPortadaEbook.php?id=E1000335562
17,"VATER, SOHN UND TEUFEL",$45.00,https://www.elsotano.com/foto/muestraPortadaEbook.php?id=E1000335563
18,DAS SIMPLE GEHEIMNIS...,$114.00,https://www.elsotano.com/foto/muestraPortadaEbook.php?id=E1000335602
19,OS ENCANTOS DO RIO,$34.00,https://www.elsotano.com/foto/muestraPortadaEbook.php?id=E1000335603
0,HOW TO PRODUCE YOUR OWN...,$68.00,https://www.elsotano.com/foto/muestraPortadaEbook.php?id=E1000335604
1,LA VIBRACIÓN,$68.00,https://www.elsotano.com/foto/muestraPortadaEbook.php?id=E1000335639
2,THE LOST SOULS,$68.00,https://www.elsotano.com/foto/muestraPortadaEbook.php?id=E1000335654
3,DROP SHOT AUF BARSCH,$80.00,https://www.elsotano.com/foto/muestraPortadaEbook.php?id=E1000335693
4,THE TOP MODEL MURDER CASE,$68.00,https://www.elsotano.com/foto/muestraPortadaEbook.php?id=E1000335694
5,DIE UNENDLICHE GESCHICHTE...,$45.00,https://www.elsotano.com/foto/muestraPortadaEbook.php?id=E1000335745
6,KEEL THE DEMONSLAYER,$57.00,https://www.elsotano.com/foto/muestraPortadaEbook.php?id=E1000335825
7,STOLEN LEGACY: WITH...,$103.00,https://www.elsotano.com/foto/muestraPortadaEbook.php?id=E1000335913
8,SELECTED POEMS BY ROBERT...,$68.00,https://www.elsotano.com/foto/muestraPortadaEbook.php?id=E1000335914
9,FREIZÜGIGE SPORTLER...,$68.00,https://www.elsotano.com/foto/muestraPortadaEbook.php?id=E1000335929
10,JOURNEY TO THE SUN AND...,$114.00,https://www.elsotano.com/foto/muestraPortadaEbook.php?id=E1000335962
11,REICHE BEUTE,$23.00,https://www.elsotano.com/foto/muestraPortadaEbook.php?id=E1000336145
12,ALPTRAUM(A) DDR,$68.00,https://www.elsotano.com/foto/muestraPortadaEbook.php?id=E1000336185
13,LOST LOVE POEMS,$137.00,https://www.elsotano.com/foto/muestraPortadaEbook.php?id=E1000336204
14,FÉS DES TEMPÊTES,$114.00,https://www.elsotano.com/foto/muestraPortadaEbook.php?id=E1000336320
15,BARED TO YOU - BEHIND THE...,$68.00,https://www.elsotano.com/foto/muestraPortadaEbook.php?id=E1000336373
16,DRACHENSEELE,$91.00,https://www.elsotano.com/foto/muestraPortadaEbook.php?id=E1000336383
17,STAY FIT FOR LIFE,$91.00,https://www.elsotano.com/foto/muestraPortadaEbook.php?id=E1000336440
18,"BLOOD, BONES & BUTTER -...",$68.00,https://www.elsotano.com/foto/muestraPortadaEbook.php?id=E1000336441
19,ZEITREISE II,$114.00,https://www.elsotano.com/foto/muestraPortadaEbook.php?id=E1000336523
0,SEHNSUCHT NACH SAMANA,$68.00,https://www.elsotano.com/foto/muestraPortadaEbook.php?id=E1000336646
1,CRYSTAL SHADE: INTRODUCTION,$57.00,https://www.elsotano.com/foto/muestraPortadaEbook.php?id=E1000336648
2,ENDZEIT,$114.00,https://www.elsotano.com/foto/muestraPortadaEbook.php?id=E1000336728
3,LULU'S CHARMS AND THE...,$68.00,https://www.elsotano.com/foto/muestraPortadaEbook.php?id=E1000336774
4,NEW TO THE NEIGHBORHOOD,$68.00,https://www.elsotano.com/foto/muestraPortadaEbook.php?id=E1000336775
5,USED TO BE,$57.00,https://www.elsotano.com/foto/muestraPortadaEbook.php?id=E1000336776
6,"WISHFUL, SINFUL PLEASURES",$68.00,https://www.elsotano.com/foto/muestraPortadaEbook.php?id=E1000336823
7,ROCK & ROLL ANGEL,$45.00,https://www.elsotano.com/foto/muestraPortadaEbook.php?id=E1000336824
8,COCKED,$45.00,https://www.elsotano.com/foto/muestraPortadaEbook.php?id=E1000336825
9,SOFTLY SWEETLY TENDERLY,$57.00,https://www.elsotano.com/foto/muestraPortadaEbook.php?id=E1000336928
10,HADES,$80.00,https://www.elsotano.com/foto/muestraPortadaEbook.php?id=E1000337000
11,"CRIME, RETRIBUTION AND...",$45.00,https://www.elsotano.com/foto/muestraPortadaEbook.php?id=E1000337001
12,BABYS ERSTES BUCH,$91.00,https://www.elsotano.com/foto/muestraPortadaEbook.php?id=E1000337047
13,HIS FIRST CHEAT,$34.00,https://www.elsotano.com/foto/muestraPortadaEbook.php?id=E1000337050
14,HIS BROTHERS GIRLFRIEND,$23.00,https://www.elsotano.com/foto/muestraPortadaEbook.php?id=E1000337051
15,BRACKE,$23.00,https://www.elsotano.com/foto/muestraPortadaEbook.php?id=E1000337188
16,NIETZSCHE,$23.00,https://www.elsotano.com/foto/muestraPortadaEbook.php?id=E1000337190
17,ERINNERUNG,$160.00,https://www.elsotano.com/foto/muestraPortadaEbook.php?id=E1000337214
18,THE GOD OF SODOM,$57.00,https://www.elsotano.com/foto/muestraPortadaEbook.php?id=E1000337263
19,"THE EDICTS, BEATITUDES...",$23.00,https://www.elsotano.com/foto/muestraPortadaEbook.php?id=E1000337264
0,TALES OF DEPRAVITY,$68.00,https://www.elsotano.com/foto/muestraPortadaEbook.php?id=E1000337265
1,DANS TES YEUX,$114.00,https://www.elsotano.com/foto/muestraPortadaEbook.php?id=E1000337307
2,ALLES KAPUTTSCHLAGEN,$80.00,https://www.elsotano.com/foto/muestraPortadaEbook.php?id=E1000337435
3,DANCING FOR THE BOYS,$57.00,https://www.elsotano.com/foto/muestraPortadaEbook.php?id=E1000337439
4,HEART &AMP; SOULS,$91.00,https://www.elsotano.com/foto/muestraPortadaEbook.php?id=E1000337516
5,THROUGH EXISTENCES,$91.00,https://www.elsotano.com/foto/muestraPortadaEbook.php?id=E1000337517
6,ITCHY LITTLE FEET - NAMIBIA.,$68.00,https://www.elsotano.com/foto/muestraPortadaEbook.php?id=E1000337534
7,NT 2010 - GOTTES AGENDA,$194.00,https://www.elsotano.com/foto/muestraPortadaEbook.php?id=E1000337544
8,DAS FERIENKIND,$103.00,https://www.elsotano.com/foto/muestraPortadaEbook.php?id=E1000337591
9,"THE BEATLES, THE MUSIC AND I",$68.00,https://www.elsotano.com/foto/muestraPortadaEbook.php?id=E1000337646
10,DIE FÄLLE DES JAKOB...,$228.00,https://www.elsotano.com/foto/muestraPortadaEbook.php?id=E1000338576
11,IRIS,$23.00,https://www.elsotano.com/foto/muestraPortadaEbook.php?id=E1000338996
12,DON WHITMAN'S MASTERPIECE,$23.00,https://www.elsotano.com/foto/muestraPortadaEbook.php?id=E1000338997
13,ACHTUNG: FÜHRUNGS-FALLEN!,$228.00,https://www.elsotano.com/foto/muestraPortadaEbook.php?id=E1000338998
14,ANNA SAMPER,$137.00,https://www.elsotano.com/foto/muestraPortadaEbook.php?id=E1000339034
15,GRUNDLAGEN DER (BAU-)...,$160.00,https://www.elsotano.com/foto/muestraPortadaEbook.php?id=E1000339304
16,ORÁCULO DE ZAMBUR,$23.00,https://www.elsotano.com/foto/muestraPortadaEbook.php?id=E1000339338
17,PUNITION COLLECTION,$57.00,https://www.elsotano.com/foto/muestraPortadaEbook.php?id=E1000339646
18,WIE MAN ES AUCH DREHT UND...,$45.00,https://www.elsotano.com/foto/muestraPortadaEbook.php?id=E1000339732
19,DIE VERZAUBERTE...,$160.00,https://www.elsotano.com/foto/muestraPortadaEbook.php?id=E1000339733
0,PACKED: TURNED,$68.00,https://www.elsotano.com/foto/muestraPortadaEbook.php?id=E1000339823
1,PACKED: LA TRASFORMAZIONE,$68.00,https://www.elsotano.com/foto/muestraPortadaEbook.php?id=E1000339824
2,PACKED: TRANFORMADA,$68.00,https://www.elsotano.com/foto/muestraPortadaEbook.php?id=E1000339825
3,TRASFORMATA E POSSEDUTA,$68.00,https://www.elsotano.com/foto/muestraPortadaEbook.php?id=E1000339826
4,CE QUE VEUT LE...,$114.00,https://www.elsotano.com/foto/muestraPortadaEbook.php?id=E1000339827
5,FESSER SES COURBES 1-4...,$114.00,https://www.elsotano.com/foto/muestraPortadaEbook.php?id=E1000339828
6,SOUMISSION,$114.00,https://www.elsotano.com/foto/muestraPortadaEbook.php?id=E1000339829
7,PRISONNIÈRES DE LEURS...,$114.00,https://www.elsotano.com/foto/muestraPortadaEbook.php?id=E1000339830
8,AS THE ROCK STAR DESIRES,$68.00,https://www.elsotano.com/foto/muestraPortadaEbook.php?id=E1000339831
9,BLOWJOB QUEEN,$68.00,https://www.elsotano.com/foto/muestraPortadaEbook.php?id=E1000339834
10,DAS JAHR DER TOTEN,$91.00,https://www.elsotano.com/foto/muestraPortadaEbook.php?id=E1000339835
11,NARA,$205.00,https://www.elsotano.com/foto/muestraPortadaEbook.php?id=E1000340013
12,MARIA'S CHRISTMAS TABLE,$91.00,https://www.elsotano.com/foto/muestraPortadaEbook.php?id=E1000340014
13,PETER'S CHRISTMAS,$114.00,https://www.elsotano.com/foto/muestraPortadaEbook.php?id=E1000340015
14,SAVIORS 101: THE FIRST...,$114.00,https://www.elsotano.com/foto/muestraPortadaEbook.php?id=E1000340016
15,COOKBOOK FROM HELL: REHEATED,$114.00,https://www.elsotano.com/foto/muestraPortadaEbook.php?id=E1000340017
16,THE INTERVIEW,$91.00,https://www.elsotano.com/foto/muestraPortadaEbook.php?id=E1000340077
17,MEZTLI SACRIFICIAL MAIDEN,$23.00,https://www.elsotano.com/foto/muestraPortadaEbook.php?id=E1000341058
18,HERIDAS DEL ALMA,$68.00,https://www.elsotano.com/foto/muestraPortadaEbook.php?id=E1000341196
19,WENN PINGUINE FLIEGEN...,$80.00,https://www.elsotano.com/foto/muestraPortadaEbook.php?id=E1000341239
0,MEGAN AND THE BURGLAR,$57.00,https://www.elsotano.com/foto/muestraPortadaEbook.php?id=E1000341256
1,STAKSIGEN SCHRITTES,$34.00,https://www.elsotano.com/foto/muestraPortadaEbook.php?id=E1000341257
2,FEUCHTEN FUßES,$34.00,https://www.elsotano.com/foto/muestraPortadaEbook.php?id=E1000341258
3,PRIMING,$91.00,https://www.elsotano.com/foto/muestraPortadaEbook.php?id=E1000341259
4,UNTER WITTGENSTEINS LÖWEN,$68.00,https://www.elsotano.com/foto/muestraPortadaEbook.php?id=E1000341260
5,WURZELN DER HOFFNUNG,$114.00,https://www.elsotano.com/foto/muestraPortadaEbook.php?id=E1000334802
6,NIGHTCRY,$45.00,https://www.elsotano.com/foto/muestraPortadaEbook.php?id=E1000334803
7,THRALLS OF THE ENDLESS NIGHT,$23.00,https://www.elsotano.com/foto/muestraPortadaEbook.php?id=E1000334972
8,THE CARGO,$23.00,https://www.elsotano.com/foto/muestraPortadaEbook.php?id=E1000334974
9,SWORD OF FIRE,$23.00,https://www.elsotano.com/foto/muestraPortadaEbook.php?id=E1000334975
10,COLD LIGHT,$23.00,https://www.elsotano.com/foto/muestraPortadaEbook.php?id=E1000335209
11,ASSASSIN,$23.00,https://www.elsotano.com/foto/muestraPortadaEbook.php?id=E1000335210
12,THE ROAD RUNNER,$23.00,https://www.elsotano.com/foto/muestraPortadaEbook.php?id=E1000335211
13,ANSCHURÉ,$91.00,https://www.elsotano.com/foto/muestraPortadaEbook.php?id=E1000335274
14,WANDLUNG UND ERWACHEN,$114.00,https://www.elsotano.com/foto/muestraPortadaEbook.php?id=E1000335366
15,COOL OHNE ALK,$228.00,https://www.elsotano.com/foto/muestraPortadaEbook.php?id=E1000335478
16,THE WRECK OF THE GROSVENOR,$23.00,https://www.elsotano.com/foto/muestraPortadaEbook.php?id=E1000335524
17,WIR KOMMEN IN UNSERE...,$160.00,https://www.elsotano.com/foto/muestraPortadaEbook.php?id=E1000335526
18,TOLSTOI CAFE & RITA...,$23.00,https://www.elsotano.com/foto/muestraPortadaEbook.php?id=E1000335576
19,KEIN RICHTIGES...,$217.00,https://www.elsotano.com/foto/muestraPortadaEbook.php?id=E1000335596
0,SILENCING YOUR MIND,$91.00,https://www.elsotano.com/foto/muestraPortadaEbook.php?id=E1000335640
1,YOGA FITNESS SECRETS,$91.00,https://www.elsotano.com/foto/muestraPortadaEbook.php?id=E1000335641
2,LOOK YOUNGER AND MORE...,$91.00,https://www.elsotano.com/foto/muestraPortadaEbook.php?id=E1000335642
3,SERAGLIO,$68.00,https://www.elsotano.com/foto/muestraPortadaEbook.php?id=E1000335741
4,DER KÖNIG DER LETZTEN TAGE,$183.00,https://www.elsotano.com/foto/muestraPortadaEbook.php?id=E1000335788
5,HOW TO PROTECT YOUR...,$91.00,https://www.elsotano.com/foto/muestraPortadaEbook.php?id=E1000335823
6,ENTJUNGFERUNG IN DER...,$68.00,https://www.elsotano.com/foto/muestraPortadaEbook.php?id=E1000335928
7,"MY LIFE AND LOVES, V4",$114.00,https://www.elsotano.com/foto/muestraPortadaEbook.php?id=E1000335960
8,"MY LIFE AND LOVES, V2",$114.00,https://www.elsotano.com/foto/muestraPortadaEbook.php?id=E1000335961
9,L'ART ET LA PRATIQUE...,$343.00,https://www.elsotano.com/foto/muestraPortadaEbook.php?id=E1000336067
10,DAS BUCH VOM DENKEN,$137.00,https://www.elsotano.com/foto/muestraPortadaEbook.php?id=E1000336072
11,MORGENROSA,$68.00,https://www.elsotano.com/foto/muestraPortadaEbook.php?id=E1000336184
12,SCHOKOLADE FÜR SOULMATES,$68.00,https://www.elsotano.com/foto/muestraPortadaEbook.php?id=E1000336198
13,DER GUTE MENSCH VON B.,$23.00,https://www.elsotano.com/foto/muestraPortadaEbook.php?id=E1000336200
14,DER LETZTE RABE,$68.00,https://www.elsotano.com/foto/muestraPortadaEbook.php?id=E1000336202
15,GLÜCKAUF ZUM UNTERGANG,$194.00,https://www.elsotano.com/foto/muestraPortadaEbook.php?id=E1000336270
16,THE LAW OF ATTRACTION...,$91.00,https://www.elsotano.com/foto/muestraPortadaEbook.php?id=E1000336354
17,HYPNOTISM FOR BEGINNERS,$91.00,https://www.elsotano.com/foto/muestraPortadaEbook.php?id=E1000336355
18,HOW TO INFLUENCE AND...,$114.00,https://www.elsotano.com/foto/muestraPortadaEbook.php?id=E1000336356
19,SWINGEN IST IN,$68.00,https://www.elsotano.com/foto/muestraPortadaEbook.php?id=E1000336357
0,LEBENDES BUFFET,$68.00,https://www.elsotano.com/foto/muestraPortadaEbook.php?id=E1000336358
1,LUSTRAUSCH IM SWINGERSCHLOSS,$68.00,https://www.elsotano.com/foto/muestraPortadaEbook.php?id=E1000336359
2,BELIEVING THE LIE -...,$68.00,https://www.elsotano.com/foto/muestraPortadaEbook.php?id=E1000336372
3,GRUNDLAGEN KREATIVES...,$91.00,https://www.elsotano.com/foto/muestraPortadaEbook.php?id=E1000336380
4,GOLGRIMMS WUNDERSAME WELT,$91.00,https://www.elsotano.com/foto/muestraPortadaEbook.php?id=E1000336472
5,SPANDEX TIME,$114.00,https://www.elsotano.com/foto/muestraPortadaEbook.php?id=E1000336520
6,MY ZOMBIE PRINCE,$125.00,https://www.elsotano.com/foto/muestraPortadaEbook.php?id=E1000336521
7,TAGEBUCH EINES BESESSENEN,$34.00,https://www.elsotano.com/foto/muestraPortadaEbook.php?id=E1000336522
8,WIE ÜBER UMWEGE EINE...,$68.00,https://www.elsotano.com/foto/muestraPortadaEbook.php?id=E1000336574
9,IN TIMES OF VIOLENCE,$160.00,https://www.elsotano.com/foto/muestraPortadaEbook.php?id=E1000336584
10,HER MASTER'S VOICE,$91.00,https://www.elsotano.com/foto/muestraPortadaEbook.php?id=E1000336585
11,THE GOBLIN QUEEN,$57.00,https://www.elsotano.com/foto/muestraPortadaEbook.php?id=E1000336586
12,SULTANA: TWO SISTERS (A...,$68.00,https://www.elsotano.com/foto/muestraPortadaEbook.php?id=E1000336638
13,ESCRAVOS DA PAIXÃO,$114.00,https://www.elsotano.com/foto/muestraPortadaEbook.php?id=E1000336641
14,THE ANSWER,$103.00,https://www.elsotano.com/foto/muestraPortadaEbook.php?id=E1000336643
15,TREPPENSTURZ,$68.00,https://www.elsotano.com/foto/muestraPortadaEbook.php?id=E1000336645
16,START AND RUN A JUMPING...,$114.00,https://www.elsotano.com/foto/muestraPortadaEbook.php?id=E1000336770
17,THE BUDDHA IN THE ATTIC -...,$68.00,https://www.elsotano.com/foto/muestraPortadaEbook.php?id=E1000336771
18,LOVE STORIES,$91.00,https://www.elsotano.com/foto/muestraPortadaEbook.php?id=E1000336772
19,VOM PARTEIENSTAAT ZUM...,$160.00,https://www.elsotano.com/foto/muestraPortadaEbook.php?id=E1000336773
0,AN EXCITING FUTURE,$205.00,https://www.elsotano.com/foto/muestraPortadaEbook.php?id=E1000336922
1,DIE ROLLEN DES SETH,$114.00,https://www.elsotano.com/foto/muestraPortadaEbook.php?id=E1000336923
2,TANTE DORIS,$68.00,https://www.elsotano.com/foto/muestraPortadaEbook.php?id=E1000336924
3,MY ONLY ONE,$45.00,https://www.elsotano.com/foto/muestraPortadaEbook.php?id=E1000336952
4,PISSED,$23.00,https://www.elsotano.com/foto/muestraPortadaEbook.php?id=E1000337043
5,DREAM JOB,$23.00,https://www.elsotano.com/foto/muestraPortadaEbook.php?id=E1000337044
6,"RATE, WER ICH BIN!",$34.00,https://www.elsotano.com/foto/muestraPortadaEbook.php?id=E1000337045
7,RECUERDOS DE SAMANA,$68.00,https://www.elsotano.com/foto/muestraPortadaEbook.php?id=E1000337179
8,KATAKOMBEN,$68.00,https://www.elsotano.com/foto/muestraPortadaEbook.php?id=E1000337180
9,HÖLDERLIN,$23.00,https://www.elsotano.com/foto/muestraPortadaEbook.php?id=E1000337184
10,ALLE JAHRE WIEDER,$34.00,https://www.elsotano.com/foto/muestraPortadaEbook.php?id=E1000337281
11,LAKE-CRIME - MORD AM SEE,$68.00,https://www.elsotano.com/foto/muestraPortadaEbook.php?id=E1000337306
12,MALLORCA - DIE INSEL DER...,$160.00,https://www.elsotano.com/foto/muestraPortadaEbook.php?id=E1000337429
13,DIE BIERFLÜSTERIN,$274.00,https://www.elsotano.com/foto/muestraPortadaEbook.php?id=E1000337431
14,EUROPE IN LOVE,$57.00,https://www.elsotano.com/foto/muestraPortadaEbook.php?id=E1000337432
15,PARDAIS NA CHUVA,$114.00,https://www.elsotano.com/foto/muestraPortadaEbook.php?id=E1000337530
16,JACQUELINE AND ANOTHER...,$57.00,https://www.elsotano.com/foto/muestraPortadaEbook.php?id=E1000337531
17,"TOLINO SHINE: 77 TIPPS,...",$68.00,https://www.elsotano.com/foto/muestraPortadaEbook.php?id=E1000337532
18,SCHWARZE MESSE IM...,$68.00,https://www.elsotano.com/foto/muestraPortadaEbook.php?id=E1000337533
19,DIE LEGENDE VON FIRNATRUHL,$68.00,https://www.elsotano.com/foto/muestraPortadaEbook.php?id=E1000337708
